{
  "source_folder": "58. 반송파 미세도약 코히어런트 편향 진단",
  "source_code": "58.*/run_agility.py",
  "purpose": "Dedicated manuscript traceability artifact for two-ray carrier-bias fit statistics.",
  "selected_cases": [
    {
      "distance_m": 400,
      "geometry_index": 1,
      "position_m": [
        330.3883321673385,
        225.4851435631279,
        -13.431412343484975
      ],
      "environment": {
        "snr_db": 20.0,
        "surface_reflection": -0.9683880694208594,
        "bottom_reflection": 0.47771630710184965,
        "radial_velocity_m_s": 0.20281136273110723
      },
      "delta_s": 0.0013369712457074745,
      "delta_ms": 1.3369712457074745,
      "predicted_period_khz": 0.7479592423626418,
      "fit_r2": 0.9947411222737171,
      "fit_amplitude_deg": 0.9543105809513015,
      "fit_constant_deg": 0.1483817038070964,
      "beta_constant_cos_sin": [
        0.1483817038070964,
        -0.7237535429028591,
        -0.622004416424168
      ],
      "carriers_khz": [
        30.0,
        30.25,
        30.5,
        30.75,
        31.0,
        31.25,
        31.5,
        31.75,
        32.0,
        32.25,
        32.5,
        32.75,
        33.0,
        33.25,
        33.5,
        33.75,
        34.0
      ],
      "measured_el_bias_deg": [
        -0.7719194522610372,
        0.6280805477389637,
        0.6280805477389637,
        -0.9719194522610372,
        0.6280805477389637,
        0.6280805477389637,
        -0.7719194522610372,
        0.6280805477389637,
        0.6280805477389637,
        -0.7719194522610372,
        0.6280805477389637,
        0.6280805477389637,
        -0.7719194522610372,
        0.6280805477389637,
        0.5280805477389634,
        -0.7719194522610372,
        0.7280805477389637
      ],
      "fitted_el_bias_deg": [
        -0.8056493545901989,
        0.6101753651777669,
        0.6360559866965735,
        -0.8059050883514215,
        0.624423791514458,
        0.6219225013795038,
        -0.8058803723942078,
        0.6385323166489312,
        0.6076498499496489,
        -0.8055752139821857,
        0.6524967943099489,
        0.5932422269123795,
        -0.8049897027965615,
        0.6663131205595122,
        0.5787038664390277,
        -0.804124010909765,
        0.679977234998967
      ],
      "bias_at_32khz_deg": 0.6280805477389637,
      "hop_mean_bias_deg": 0.12219819479778693,
      "abs_bias_reduction_pct": 80.54418414362776,
      "label": "400 m representative geometry",
      "manuscript_comparison": {
        "delta_ms_reported": 1.34,
        "r2_reported": 0.99,
        "delta_ms_abs_error": 0.0030287542925255817,
        "r2_abs_error": 0.0047411222737171466
      }
    },
    {
      "distance_m": 600,
      "geometry_index": 5,
      "position_m": [
        -507.74456072685047,
        -319.6802481422611,
        -28.223788876831478
      ],
      "environment": {
        "snr_db": 30.0,
        "surface_reflection": -0.9432381961691906,
        "bottom_reflection": 0.3433394250767845,
        "radial_velocity_m_s": -0.892872885475153
      },
      "delta_s": 0.0018746206460740766,
      "delta_ms": 1.8746206460740766,
      "predicted_period_khz": 0.5334412602860474,
      "fit_r2": 0.7500087101796756,
      "fit_amplitude_deg": 1.9504742494503908,
      "fit_constant_deg": 0.7496770292521002,
      "beta_constant_cos_sin": [
        0.7496770292521002,
        -1.734270837458405,
        -0.8925550179738992
      ],
      "carriers_khz": [
        30.0,
        30.25,
        30.5,
        30.75,
        31.0,
        31.25,
        31.5,
        31.75,
        32.0,
        32.25,
        32.5,
        32.75,
        33.0,
        33.25,
        33.5,
        33.75,
        34.0
      ],
      "measured_el_bias_deg": [
        0.8303848273471421,
        1.8303848273471421,
        -1.9696151726528561,
        1.8303848273471421,
        -2.1696151726528563,
        2.0303848273471425,
        -2.1696151726528563,
        2.0303848273471425,
        -1.3696151726528556,
        2.0303848273471425,
        0.2303848273471416,
        1.8303848273471421,
        1.6303848273471422,
        1.8303848273471421,
        1.8303848273471421,
        0.8303848273471414,
        1.8303848273471421
      ],
      "fitted_el_bias_deg": [
        -0.26450309685971257,
        2.0702596356483545,
        -0.8262513080056426,
        2.5200220969180687,
        -1.146639172102835,
        2.6986484349098414,
        -1.1765978804747226,
        2.5787812413516393,
        -0.9115391253418633,
        2.1787787034483888,
        -0.392057819312023,
        1.559902966874105,
        0.3022851937967879,
        0.8169375690701637,
        1.0651482316551693,
        0.06367092415404166,
        1.7796954691716644
      ],
      "bias_at_32khz_deg": -1.3696151726528556,
      "hop_mean_bias_deg": 0.759796592053025,
      "abs_bias_reduction_pct": 44.52481198924305,
      "label": "600 m representative geometry",
      "manuscript_comparison": {
        "delta_ms_reported": 1.87,
        "r2_reported": 0.75,
        "delta_ms_abs_error": 0.004620646074076529,
        "r2_abs_error": 8.710179675630592e-06
      }
    }
  ],
  "claim_status": {
    "400m": "matches manuscript after normal rounding: delta 1.337 ms -> 1.34 ms, R2 0.9947 -> up to/approx 0.99",
    "600m": "matches manuscript after normal rounding: delta 1.875 ms -> 1.87 ms, R2 0.750 -> 0.75",
    "recommendation": "Keep exact figure caption values rounded to two decimals for R2 and two decimals for delta_ms, and cite this folder as the traceability source."
  }
}